{"cross_track_error": [0.0, 0.0, 0.0, 0.0, 0.0, 0.0, 0.0, 0.0, 0.0, 0.0, 0.0, 0.0, 0.0, 0.0, 0.0, 0.0, 0.0, 0.0, 0.0, 0.0, 0.0, 0.0, 0.0, 0.0, 0.0, 0.0, 0.0, 0.0, 0.0], "along_track_error": [-0.25, -0.09643345189618585, -0.011381730112595356, -0.1901058430374183, -0.10181439388637181, -0.028170692945739484, -0.16334047656142925, -0.10075723174414586, -0.03562371907073647, -0.15300881060214921, -0.09919039657267437, -0.04185737158960379, -0.14799979345540537, -0.10085601642287711, -0.0391361873513536, -0.1478710917353241, -0.10432547016394711, -0.03659836784905224, -0.14999028594566077, -0.10609281020117223, -0.03536363892440697, -0.15098564263178016, -0.10697609221660542, -0.03163269555410064, -0.15599827000441735, -0.10833026428896009, -0.030035825611586908, -0.15770462985623723, -0.10252483817167413], "steering_command": [-0.0, -0.0, -0.0, -0.0, -0.0, -0.0, -0.0, -0.0, -0.0, -0.0, -0.0, -0.0, -0.0, -0.0, -0.0, -0.0, -0.0, -0.0, -0.0, -0.0, -0.0, -0.0, -0.0, -0.0, -0.0, -0.0, -0.0, -0.0, -0.0], "speed_command": [1.45, 0.559314020997878, 0.06601403465305307, 1.102613889617026, 0.5905234845409565, 0.163390019085289, 0.9473747640562896, 0.584391944116046, 0.20661757061027153, 0.8874511014924654, 0.5753043001215113, 0.24277275521970196, 0.8583988020413511, 0.5849648952526872, 0.22698988663785089, 0.8576523320648797, 0.6050877269508932, 0.21227053352450298, 0.8699436584848325, 0.6153382991667989, 0.2051091057615604, 0.8757167272643249, 0.6204613348563114, 0.18346963421378373, 0.9047899660256206, 0.6283155328759685, 0.17420778854720406, 0.9146868531661759, 0.5946440613957099]}