{"cross_track_error": [0.0, 0.0, 0.0, 0.0, 0.0, 0.0, 0.0, 0.0, 0.0, 0.0, 0.0, 0.0, 0.0, 0.0, 0.0, 0.0, 0.0, 0.0, 0.0, 0.0, 0.0, 0.0, 0.0, 0.0, 0.0, 0.0, 0.0, 0.0, 0.0, 0.0, 0.0, 0.0, 0.0, 0.0, 0.0, 0.0, 0.0, 0.0, -3.238028156479551], "along_track_error": [-0.25, -0.010164742315596609, -0.0700726472354698, -0.1650610749482463, 0.007289155981723416, -0.16338529613463026, -0.12525572017790187, 0.06135630224861677, -0.21258786975575372, -0.32528550261655464, 0.3034707391588922, 0.13513549845295403, -0.7554028994049933, -0.8328196938392605, 1.0844411548950426, 2.431570202681753, 1.403398339125725, -1.2974240244302964, -2.9660789589547853, -2.3175239302146964, 0.7826096910887035, 3.9398482700255624, 4.723043056543103, 3.1288963430606476, 0.36961612957819945, -2.1523447406875613, -3.3419948458242326, -2.207773204716795, 1.3710509359678635, 4.91460202798331, 6.0839853326692666, 4.875868637355218, 2.1491634420411483, -0.6043282532729242, -2.49050118600705, -2.4262741478225776, 0.07533054963517216, 2.7185997933868844, -0.2499999999999998], "steering_command": [-0.0, -0.0, -0.0, -0.0, -0.0, -0.0, -0.0, -0.0, -0.0, -0.0, -0.0, -0.0, -0.0, -0.0, -0.0, -0.0, -0.0, -0.0, -0.0, -0.0, -0.0, -0.0, -0.0, -0.0, -0.0, -0.0, -0.0, -0.0, -0.0, -0.0, -0.0, -0.0, -0.0, -0.0, -0.0, -0.0, -0.0, -0.0, 5.5824380325116865], "speed_command": [1.705, 0.06932354259236888, 0.47789545414590406, 1.1257165311470398, -0.049712043795353704, 1.1142877196381784, 0.8542440116132908, -0.4184499813355664, 1.4498492717342404, 2.218447127844903, -2.069670441063645, -0.9216240994491465, 5.1518477739420545, 5.679830311983757, -7.395888676384191, -16.583308782289556, -9.571176672837444, 8.848431846614622, 20.22865850007164, 15.80551320406423, -5.337398093224958, -26.869765201574335, -32.211153645623966, -21.339073059673616, -2.5207820037233204, 14.67899113148917, 22.79240484852127, 15.057013256168544, -9.35056738330083, -33.51758583084618, -41.4927799688044, -33.25342410676259, -14.657294674720632, 4.121518687321343, 16.985218088568082, 16.54718968814998, -0.5137543485118742, -18.540850590898554, 1.7049999999999987]}